filename,fold,target,category
1_204_A_2.wav,1,2,sticker_off
1_376_B_2.wav,1,4,background
0_91_R_2.wav,1,4,background
1_235_A_2.wav,1,2,sticker_off
1_07_P_1.wav,1,0,sticker_on
0_13_P_1.wav,1,0,sticker_on
1_463_B_2.wav,1,4,background
1_342_B_1.wav,1,4,background
1_380_B_2.wav,1,4,background
1_180_A_2.wav,1,2,sticker_off
1_528_AK_1.wav,1,3,sticker_off_compressor
1_288_AK_2.wav,1,3,sticker_off_compressor
1_415_P_2.wav,1,0,sticker_on
1_62_P_1.wav,1,0,sticker_on
1_152_AK_2.wav,1,3,sticker_off_compressor
1_80_P_2.wav,1,0,sticker_on
1_200_AK_2.wav,1,3,sticker_off_compressor
1_202_AK_1.wav,1,3,sticker_off_compressor
1_70_PK_1.wav,1,1,sticker_on_compressor
1_12_P_2.wav,1,0,sticker_on
1_273_A_1.wav,1,2,sticker_off
0_42_R_2.wav,1,4,background
0_92_R_1.wav,1,4,background
1_448_AK_2.wav,1,3,sticker_off_compressor
0_74_B_1.wav,1,4,background
1_193_A_1.wav,1,2,sticker_off
1_435_AK_1.wav,1,3,sticker_off_compressor
1_256_AK_1.wav,1,3,sticker_off_compressor
1_52_PK_1.wav,1,1,sticker_on_compressor
1_112_P_2.wav,1,0,sticker_on
1_339_B_2.wav,1,4,background
1_331_B_1.wav,1,4,background
1_171_AK_1.wav,1,3,sticker_off_compressor
1_520_A_2.wav,1,2,sticker_off
1_22_PK_2.wav,1,1,sticker_on_compressor
0_113_AK_2.wav,1,3,sticker_off_compressor
1_493_PK_1.wav,1,1,sticker_on_compressor
1_137_A_1.wav,1,2,sticker_off
1_457_A_2.wav,1,2,sticker_off
1_75_P_1.wav,1,0,sticker_on
0_91_R_1.wav,1,4,background
1_117_P_2.wav,1,0,sticker_on
1_384_B_1.wav,1,4,background
1_345_B_2.wav,1,4,background
1_524_AK_2.wav,1,3,sticker_off_compressor
0_72_B_2.wav,1,4,background
1_480_PK_2.wav,1,1,sticker_on_compressor
0_15_AK_1.wav,1,3,sticker_off_compressor
0_01_A_1.wav,1,2,sticker_off
0_03_AK_2.wav,1,3,sticker_off_compressor
1_493_PK_2.wav,1,1,sticker_on_compressor
1_489_P_2.wav,1,0,sticker_on
1_155_A_1.wav,1,2,sticker_off
0_52_B_2.wav,1,4,background
1_115_PK_1.wav,1,1,sticker_on_compressor
0_42_R_1.wav,1,4,background
1_55_P_2.wav,1,0,sticker_on
1_510_AK_1.wav,1,3,sticker_off_compressor
1_124_P_1.wav,1,0,sticker_on
1_213_AK_1.wav,1,3,sticker_off_compressor
1_116_PK_1.wav,1,1,sticker_on_compressor
1_143_A_1.wav,1,2,sticker_off
1_281_A_2.wav,1,2,sticker_off
0_103_R_1.wav,1,4,background
0_22_B_1.wav,1,4,background
1_497_P_1.wav,1,0,sticker_on
1_380_B_1.wav,1,4,background
1_357_B_1.wav,1,4,background
1_85_P_2.wav,1,0,sticker_on
0_33_R_2.wav,1,4,background
1_82_PK_2.wav,1,1,sticker_on_compressor
0_59_B_1.wav,1,4,background
1_126_P_2.wav,1,0,sticker_on
0_35_R_2.wav,1,4,background
1_208_AK_2.wav,1,3,sticker_off_compressor
1_208_AK_1.wav,1,3,sticker_off_compressor
1_494_PK_2.wav,1,1,sticker_on_compressor
1_325_B_2.wav,1,4,background
1_411_PK_1.wav,1,1,sticker_on_compressor
1_387_B_2.wav,1,4,background
0_60_B_2.wav,1,4,background
1_11_P_1.wav,1,0,sticker_on
1_16_P_1.wav,1,0,sticker_on
1_131_A_1.wav,1,2,sticker_off
1_405_PK_2.wav,1,1,sticker_on_compressor
1_319_PK_2.wav,1,1,sticker_on_compressor
1_222_A_2.wav,1,2,sticker_off
1_277_AK_1.wav,1,3,sticker_off_compressor
1_335_B_2.wav,1,4,background
0_38_R_2.wav,1,4,background
0_78_R_2.wav,1,4,background
1_65_PK_2.wav,1,1,sticker_on_compressor
1_363_B_1.wav,1,4,background
1_382_B_1.wav,1,4,background
1_468_B_1.wav,1,4,background
0_75_B_2.wav,1,4,background
1_276_AK_2.wav,1,3,sticker_off_compressor
1_374_B_2.wav,1,4,background
1_321_B_1.wav,1,4,background
0_46_R_1.wav,1,4,background
1_235_A_1.wav,1,2,sticker_off
1_65_PK_1.wav,1,1,sticker_on_compressor
1_248_AK_1.wav,1,3,sticker_off_compressor
1_478_P_1.wav,1,0,sticker_on
1_528_AK_2.wav,1,3,sticker_off_compressor
1_490_P_1.wav,1,0,sticker_on
0_67_B_1.wav,1,4,background
1_202_AK_2.wav,1,3,sticker_off_compressor
1_85_P_1.wav,1,0,sticker_on
1_242_AK_2.wav,1,3,sticker_off_compressor
1_378_B_2.wav,1,4,background
1_50_P_2.wav,1,0,sticker_on
1_196_AK_2.wav,1,3,sticker_off_compressor
1_51_PK_1.wav,1,1,sticker_on_compressor
1_370_B_1.wav,1,4,background
1_158_AK_2.wav,1,3,sticker_off_compressor
1_221_A_2.wav,1,2,sticker_off
1_307_PK_1.wav,1,1,sticker_on_compressor
1_123_P_2.wav,1,0,sticker_on
1_182_A_1.wav,1,2,sticker_off
1_275_A_2.wav,1,2,sticker_off
1_140_AK_1.wav,1,3,sticker_off_compressor
0_59_B_2.wav,1,4,background
1_170_AK_2.wav,1,3,sticker_off_compressor
1_347_B_2.wav,1,4,background
1_157_AK_1.wav,1,3,sticker_off_compressor
1_119_P_1.wav,1,0,sticker_on
1_163_AK_2.wav,1,3,sticker_off_compressor
0_39_R_2.wav,1,4,background
1_230_AK_1.wav,1,3,sticker_off_compressor
1_179_AK_1.wav,1,3,sticker_off_compressor
1_233_A_1.wav,1,2,sticker_off
1_146_AK_2.wav,1,3,sticker_off_compressor
0_28_AK_2.wav,1,3,sticker_off_compressor
1_212_AK_2.wav,1,3,sticker_off_compressor
1_387_B_1.wav,1,4,background
1_87_P_2.wav,1,0,sticker_on
1_466_B_2.wav,1,4,background
1_312_PK_1.wav,1,1,sticker_on_compressor
1_460_AK_2.wav,1,3,sticker_off_compressor
1_413_P_1.wav,1,0,sticker_on
1_122_PK_2.wav,1,1,sticker_on_compressor
0_94_R_2.wav,1,4,background
0_54_B_2.wav,1,4,background
0_70_B_1.wav,1,4,background
1_394_B_1.wav,1,4,background
1_467_B_1.wav,1,4,background
1_225_AK_2.wav,1,3,sticker_off_compressor
1_510_AK_2.wav,1,3,sticker_off_compressor
1_183_AK_1.wav,1,3,sticker_off_compressor
1_264_AK_2.wav,1,3,sticker_off_compressor
1_37_PK_2.wav,1,1,sticker_on_compressor
1_319_PK_1.wav,1,1,sticker_on_compressor
0_32_R_2.wav,1,4,background
1_78_PK_2.wav,1,1,sticker_on_compressor
1_185_A_2.wav,1,2,sticker_off
1_120_PK_2.wav,1,1,sticker_on_compressor
1_238_AK_2.wav,1,3,sticker_off_compressor
0_110_AK_1.wav,1,3,sticker_off_compressor
1_112_P_1.wav,1,0,sticker_on
1_231_AK_1.wav,1,3,sticker_off_compressor
1_426_P_2.wav,1,0,sticker_on
1_142_AK_1.wav,1,3,sticker_off_compressor
1_527_A_1.wav,1,2,sticker_off
1_504_AK_2.wav,1,3,sticker_off_compressor
1_454_AK_2.wav,1,3,sticker_off_compressor
1_357_B_2.wav,1,4,background
1_19_PK_2.wav,1,1,sticker_on_compressor
1_275_A_1.wav,1,2,sticker_off
1_454_AK_1.wav,1,3,sticker_off_compressor
1_242_AK_1.wav,1,3,sticker_off_compressor
1_303_P_1.wav,1,0,sticker_on
0_97_R_2.wav,1,4,background
1_337_B_2.wav,1,4,background
1_490_P_2.wav,1,0,sticker_on
0_52_B_1.wav,1,4,background
0_104_AK_2.wav,1,3,sticker_off_compressor
0_62_B_1.wav,1,4,background
0_31_R_2.wav,1,4,background
1_406_PK_1.wav,1,1,sticker_on_compressor
1_266_AK_1.wav,1,3,sticker_off_compressor
1_94_P_1.wav,1,0,sticker_on
1_504_AK_1.wav,1,3,sticker_off_compressor
0_41_R_1.wav,1,4,background
1_228_A_1.wav,1,2,sticker_off
1_63_P_2.wav,1,0,sticker_on
0_23_B_2.wav,1,4,background
1_59_PK_1.wav,1,1,sticker_on_compressor
0_114_AK_1.wav,1,3,sticker_off_compressor
1_423_PK_2.wav,1,1,sticker_on_compressor
1_526_A_2.wav,1,2,sticker_off
0_70_B_2.wav,1,4,background
1_379_B_1.wav,1,4,background
1_262_A_1.wav,1,2,sticker_off
0_08_PK_1.wav,1,1,sticker_on_compressor
1_341_B_2.wav,1,4,background
1_61_P_1.wav,1,0,sticker_on
1_290_AK_1.wav,1,3,sticker_off_compressor
1_95_PK_2.wav,1,1,sticker_on_compressor
0_07_PK_1.wav,1,1,sticker_on_compressor
1_453_AK_1.wav,1,3,sticker_off_compressor
1_41_PK_1.wav,1,1,sticker_on_compressor
1_130_PK_1.wav,1,1,sticker_on_compressor
1_408_P_2.wav,1,0,sticker_on
1_410_PK_1.wav,1,1,sticker_on_compressor
1_408_P_1.wav,1,0,sticker_on
1_240_A_2.wav,1,2,sticker_off
1_205_A_1.wav,1,2,sticker_off
1_450_A_2.wav,1,2,sticker_off
1_457_A_1.wav,1,2,sticker_off
1_286_A_1.wav,1,2,sticker_off
1_76_PK_1.wav,1,1,sticker_on_compressor
1_282_AK_2.wav,1,3,sticker_off_compressor
1_418_PK_1.wav,1,1,sticker_on_compressor
1_101_PK_1.wav,1,1,sticker_on_compressor
0_57_B_2.wav,1,4,background
0_56_B_2.wav,1,4,background
1_17_P_2.wav,1,0,sticker_on
1_47_PK_2.wav,1,1,sticker_on_compressor
1_26_PK_2.wav,1,1,sticker_on_compressor
1_124_P_2.wav,1,0,sticker_on
1_178_AK_2.wav,1,3,sticker_off_compressor
0_117_AK_2.wav,1,3,sticker_off_compressor
1_537_B_1.wav,1,4,background
1_509_A_1.wav,1,2,sticker_off
1_544_B_2.wav,1,4,background
0_82_R_1.wav,2,4,background
1_294_PK_1.wav,2,1,sticker_on_compressor
1_116_PK_2.wav,2,1,sticker_on_compressor
1_228_A_2.wav,2,2,sticker_off
1_89_PK_2.wav,2,1,sticker_on_compressor
1_541_B_1.wav,2,4,background
0_112_A_1.wav,2,2,sticker_off
1_209_A_1.wav,2,2,sticker_off
1_139_A_1.wav,2,2,sticker_off
1_486_PK_1.wav,2,1,sticker_on_compressor
1_58_PK_1.wav,2,1,sticker_on_compressor
0_38_R_1.wav,2,4,background
1_442_AK_1.wav,2,3,sticker_off_compressor
1_435_AK_2.wav,2,3,sticker_off_compressor
1_82_PK_1.wav,2,1,sticker_on_compressor
1_389_B_2.wav,2,4,background
1_501_A_2.wav,2,2,sticker_off
1_398_B_1.wav,2,4,background
1_433_A_1.wav,2,2,sticker_off
1_191_A_2.wav,2,2,sticker_off
1_64_PK_2.wav,2,1,sticker_on_compressor
1_456_A_2.wav,2,2,sticker_off
1_207_AK_1.wav,2,3,sticker_off_compressor
1_315_P_1.wav,2,0,sticker_on
1_254_AK_2.wav,2,3,sticker_off_compressor
1_451_A_2.wav,2,2,sticker_off
0_25_B_2.wav,2,4,background
1_74_P_2.wav,2,0,sticker_on
1_218_AK_2.wav,2,3,sticker_off_compressor
1_118_P_2.wav,2,0,sticker_on
1_36_PK_2.wav,2,1,sticker_on_compressor
1_320_PK_1.wav,2,1,sticker_on_compressor
1_254_AK_1.wav,2,3,sticker_off_compressor
1_72_PK_2.wav,2,1,sticker_on_compressor
1_53_PK_2.wav,2,1,sticker_on_compressor
1_271_AK_1.wav,2,3,sticker_off_compressor
1_241_A_2.wav,2,2,sticker_off
1_108_PK_1.wav,2,1,sticker_on_compressor
1_148_AK_1.wav,2,3,sticker_off_compressor
1_10_P_2.wav,2,0,sticker_on
1_144_A_2.wav,2,2,sticker_off
1_343_B_1.wav,2,4,background
1_307_PK_2.wav,2,1,sticker_on_compressor
1_420_P_1.wav,2,0,sticker_on
1_389_B_1.wav,2,4,background
0_25_B_1.wav,2,4,background
0_116_A_1.wav,2,2,sticker_off
1_236_AK_1.wav,2,3,sticker_off_compressor
1_461_B_1.wav,2,4,background
0_96_R_2.wav,2,4,background
1_25_P_1.wav,2,0,sticker_on
1_92_P_1.wav,2,0,sticker_on
1_428_PK_1.wav,2,1,sticker_on_compressor
1_207_AK_2.wav,2,3,sticker_off_compressor
0_77_R_2.wav,2,4,background
1_492_PK_2.wav,2,1,sticker_on_compressor
1_420_P_2.wav,2,0,sticker_on
0_24_B_1.wav,2,4,background
1_396_B_2.wav,2,4,background
1_339_B_1.wav,2,4,background
1_269_A_2.wav,2,2,sticker_off
0_18_A_1.wav,2,2,sticker_off
1_67_P_2.wav,2,0,sticker_on
1_437_A_2.wav,2,2,sticker_off
1_84_PK_2.wav,2,1,sticker_on_compressor
1_231_AK_2.wav,2,3,sticker_off_compressor
1_485_P_2.wav,2,0,sticker_on
0_55_B_1.wav,2,4,background
1_433_A_2.wav,2,2,sticker_off
0_20_B_1.wav,2,4,background
0_35_R_1.wav,2,4,background
1_128_PK_2.wav,2,1,sticker_on_compressor
1_432_A_2.wav,2,2,sticker_off
1_543_B_1.wav,2,4,background
0_07_PK_2.wav,2,1,sticker_on_compressor
1_15_PK_2.wav,2,1,sticker_on_compressor
1_345_B_1.wav,2,4,background
1_170_AK_1.wav,2,3,sticker_off_compressor
0_32_R_1.wav,2,4,background
1_176_AK_2.wav,2,3,sticker_off_compressor
1_177_AK_1.wav,2,3,sticker_off_compressor
1_479_P_1.wav,2,0,sticker_on
1_400_B_2.wav,2,4,background
1_549_B_1.wav,2,4,background
1_204_A_1.wav,2,2,sticker_off
1_69_P_2.wav,2,0,sticker_on
1_29_P_2.wav,2,0,sticker_on
1_423_PK_1.wav,2,1,sticker_on_compressor
1_13_PK_2.wav,2,1,sticker_on_compressor
1_239_A_2.wav,2,2,sticker_off
1_316_P_2.wav,2,0,sticker_on
1_481_PK_2.wav,2,1,sticker_on_compressor
0_86_R_2.wav,2,4,background
0_76_R_2.wav,2,4,background
1_361_B_1.wav,2,4,background
1_392_B_1.wav,2,4,background
1_466_B_1.wav,2,4,background
1_331_B_2.wav,2,4,background
1_431_A_2.wav,2,2,sticker_off
1_296_PK_1.wav,2,1,sticker_on_compressor
1_21_PK_1.wav,2,1,sticker_on_compressor
1_246_A_2.wav,2,2,sticker_off
1_111_P_2.wav,2,0,sticker_on
1_445_A_2.wav,2,2,sticker_off
1_266_AK_2.wav,2,3,sticker_off_compressor
1_401_P_2.wav,2,0,sticker_on
1_81_P_2.wav,2,0,sticker_on
1_184_AK_1.wav,2,3,sticker_off_compressor
1_498_PK_2.wav,2,1,sticker_on_compressor
1_515_A_2.wav,2,2,sticker_off
1_169_AK_2.wav,2,3,sticker_off_compressor
1_38_P_2.wav,2,0,sticker_on
1_61_P_2.wav,2,0,sticker_on
1_360_B_2.wav,2,4,background
1_270_AK_2.wav,2,3,sticker_off_compressor
1_240_A_1.wav,2,2,sticker_off
1_421_P_2.wav,2,0,sticker_on
1_46_PK_2.wav,2,1,sticker_on_compressor
1_508_A_1.wav,2,2,sticker_off
1_93_P_2.wav,2,0,sticker_on
1_351_B_2.wav,2,4,background
0_116_A_2.wav,2,2,sticker_off
1_163_AK_1.wav,2,3,sticker_off_compressor
1_234_A_2.wav,2,2,sticker_off
1_181_A_1.wav,2,2,sticker_off
1_07_P_2.wav,2,0,sticker_on
1_359_B_1.wav,2,4,background
1_301_PK_2.wav,2,1,sticker_on_compressor
1_218_AK_1.wav,2,3,sticker_off_compressor
1_105_P_1.wav,2,0,sticker_on
1_371_B_2.wav,2,4,background
1_26_PK_1.wav,2,1,sticker_on_compressor
0_31_R_1.wav,2,4,background
1_441_AK_2.wav,2,3,sticker_off_compressor
1_136_AK_1.wav,2,3,sticker_off_compressor
1_272_AK_2.wav,2,3,sticker_off_compressor
0_93_R_1.wav,2,4,background
1_346_B_2.wav,2,4,background
1_194_AK_2.wav,2,3,sticker_off_compressor
1_337_B_1.wav,2,4,background
1_542_B_1.wav,2,4,background
1_237_AK_1.wav,2,3,sticker_off_compressor
1_35_PK_2.wav,2,1,sticker_on_compressor
1_16_P_2.wav,2,0,sticker_on
1_359_B_2.wav,2,4,background
0_36_R_1.wav,2,4,background
1_233_A_2.wav,2,2,sticker_off
0_44_R_2.wav,2,4,background
0_107_A_2.wav,2,2,sticker_off
1_502_A_1.wav,2,2,sticker_off
1_484_P_2.wav,2,0,sticker_on
1_198_A_1.wav,2,2,sticker_off
1_175_A_2.wav,2,2,sticker_off
1_57_P_1.wav,2,0,sticker_on
1_74_P_1.wav,2,0,sticker_on
1_374_B_1.wav,2,4,background
1_419_P_2.wav,2,0,sticker_on
0_28_AK_1.wav,2,3,sticker_off_compressor
1_478_P_2.wav,2,0,sticker_on
0_88_R_2.wav,2,4,background
1_189_AK_2.wav,2,3,sticker_off_compressor
1_280_A_2.wav,2,2,sticker_off
0_69_B_1.wav,2,4,background
1_306_PK_1.wav,2,1,sticker_on_compressor
1_449_A_2.wav,2,2,sticker_off
1_268_A_2.wav,2,2,sticker_off
0_68_B_1.wav,2,4,background
0_112_A_2.wav,2,2,sticker_off
0_20_B_2.wav,2,4,background
1_201_AK_2.wav,2,3,sticker_off_compressor
1_494_PK_1.wav,2,1,sticker_on_compressor
1_269_A_1.wav,2,2,sticker_off
0_51_B_2.wav,2,4,background
1_467_B_2.wav,2,4,background
1_154_A_2.wav,2,2,sticker_off
1_28_PK_1.wav,2,1,sticker_on_compressor
0_69_B_2.wav,2,4,background
1_278_AK_1.wav,2,3,sticker_off_compressor
1_166_A_2.wav,2,2,sticker_off
1_118_P_1.wav,2,0,sticker_on
1_293_P_2.wav,2,0,sticker_on
1_383_B_1.wav,2,4,background
1_56_P_2.wav,2,0,sticker_on
0_71_B_1.wav,2,4,background
1_341_B_1.wav,2,4,background
1_474_PK_2.wav,2,1,sticker_on_compressor
0_17_A_1.wav,2,2,sticker_off
0_87_R_1.wav,2,4,background
1_09_P_2.wav,2,0,sticker_on
1_09_P_1.wav,2,0,sticker_on
0_88_R_1.wav,2,4,background
1_66_PK_1.wav,2,1,sticker_on_compressor
1_434_AK_1.wav,2,3,sticker_off_compressor
1_168_A_2.wav,2,2,sticker_off
1_446_AK_1.wav,2,3,sticker_off_compressor
0_93_R_2.wav,2,4,background
1_413_P_2.wav,2,0,sticker_on
1_56_P_1.wav,2,0,sticker_on
0_61_B_2.wav,2,4,background
1_460_AK_1.wav,2,3,sticker_off_compressor
1_160_A_2.wav,2,2,sticker_off
1_173_A_1.wav,2,2,sticker_off
0_09_P_2.wav,2,0,sticker_on
1_219_AK_2.wav,2,3,sticker_off_compressor
1_517_AK_1.wav,2,3,sticker_off_compressor
1_148_AK_2.wav,2,3,sticker_off_compressor
1_135_AK_1.wav,2,3,sticker_off_compressor
1_428_PK_2.wav,2,1,sticker_on_compressor
0_21_B_1.wav,2,4,background
1_196_AK_1.wav,2,3,sticker_off_compressor
1_429_PK_1.wav,2,1,sticker_on_compressor
1_508_A_2.wav,2,2,sticker_off
1_219_AK_1.wav,2,3,sticker_off_compressor
0_06_PK_2.wav,2,1,sticker_on_compressor
1_51_PK_2.wav,2,1,sticker_on_compressor
1_476_PK_2.wav,2,1,sticker_on_compressor
0_90_R_1.wav,2,4,background
1_395_B_1.wav,2,4,background
1_523_AK_1.wav,2,3,sticker_off_compressor
0_66_B_2.wav,2,4,background
0_72_B_1.wav,2,4,background
1_312_PK_2.wav,2,1,sticker_on_compressor
1_71_PK_1.wav,2,1,sticker_on_compressor
0_81_R_2.wav,2,4,background
1_306_PK_2.wav,2,1,sticker_on_compressor
1_114_PK_1.wav,2,1,sticker_on_compressor
1_512_AK_2.wav,3,3,sticker_off_compressor
1_336_B_2.wav,3,4,background
1_133_A_2.wav,3,2,sticker_off
1_197_A_2.wav,3,2,sticker_off
1_60_PK_1.wav,3,1,sticker_on_compressor
0_85_AR_1.wav,3,4,background
1_230_AK_2.wav,3,3,sticker_off_compressor
1_323_B_1.wav,3,4,background
1_229_A_1.wav,3,2,sticker_off
1_195_AK_2.wav,3,3,sticker_off_compressor
1_68_P_2.wav,3,0,sticker_on
1_284_AK_2.wav,3,3,sticker_off_compressor
0_05_A_1.wav,3,2,sticker_off
1_485_P_1.wav,3,0,sticker_on
1_501_A_1.wav,3,2,sticker_off
1_98_P_2.wav,3,0,sticker_on
1_378_B_1.wav,3,4,background
1_518_AK_1.wav,3,3,sticker_off_compressor
1_08_P_1.wav,3,0,sticker_on
0_44_R_1.wav,3,4,background
0_98_R_1.wav,3,4,background
1_438_A_2.wav,3,2,sticker_off
1_330_B_2.wav,3,4,background
1_243_AK_1.wav,3,3,sticker_off_compressor
1_425_P_2.wav,3,0,sticker_on
1_27_PK_2.wav,3,1,sticker_on_compressor
1_367_B_1.wav,3,4,background
1_34_PK_2.wav,3,1,sticker_on_compressor
0_100_R_1.wav,3,4,background
1_180_A_1.wav,3,2,sticker_off
1_424_PK_1.wav,3,1,sticker_on_compressor
1_253_A_1.wav,3,2,sticker_off
1_437_A_1.wav,3,2,sticker_off
1_20_PK_2.wav,3,1,sticker_on_compressor
1_29_P_1.wav,3,0,sticker_on
0_34_R_1.wav,3,4,background
1_401_P_1.wav,3,0,sticker_on
1_22_PK_1.wav,3,1,sticker_on_compressor
1_188_AK_1.wav,3,3,sticker_off_compressor
1_55_P_1.wav,3,0,sticker_on
1_520_A_1.wav,3,2,sticker_off
1_469_B_2.wav,3,4,background
1_475_PK_2.wav,3,1,sticker_on_compressor
1_375_B_1.wav,3,4,background
1_25_P_2.wav,3,0,sticker_on
1_227_A_1.wav,3,2,sticker_off
1_500_PK_2.wav,3,1,sticker_on_compressor
1_136_AK_2.wav,3,3,sticker_off_compressor
1_514_A_2.wav,3,2,sticker_off
1_502_A_2.wav,3,2,sticker_off
1_443_A_1.wav,3,2,sticker_off
1_132_A_2.wav,3,2,sticker_off
1_406_PK_2.wav,3,1,sticker_on_compressor
0_98_R_2.wav,3,4,background
1_364_B_2.wav,3,4,background
1_01_PK_1.wav,3,1,sticker_on_compressor
1_400_B_1.wav,3,4,background
1_300_PK_1.wav,3,1,sticker_on_compressor
1_538_B_1.wav,3,4,background
1_338_B_2.wav,3,4,background
1_532_B_2.wav,3,4,background
1_178_AK_1.wav,3,3,sticker_off_compressor
1_492_PK_1.wav,3,1,sticker_on_compressor
1_134_AK_1.wav,3,3,sticker_off_compressor
1_375_B_2.wav,3,4,background
1_381_B_2.wav,3,4,background
1_210_A_2.wav,3,2,sticker_off
1_181_A_2.wav,3,2,sticker_off
1_145_A_2.wav,3,2,sticker_off
1_476_PK_1.wav,3,1,sticker_on_compressor
1_462_B_1.wav,3,4,background
1_162_A_1.wav,3,2,sticker_off
1_340_B_2.wav,3,4,background
1_96_PK_2.wav,3,1,sticker_on_compressor
1_352_B_2.wav,3,4,background
1_459_AK_1.wav,3,3,sticker_off_compressor
0_67_B_2.wav,3,4,background
1_369_B_1.wav,3,4,background
1_264_AK_1.wav,3,3,sticker_off_compressor
1_251_A_2.wav,3,2,sticker_off
1_244_AK_1.wav,3,3,sticker_off_compressor
1_212_AK_1.wav,3,3,sticker_off_compressor
1_351_B_1.wav,3,4,background
1_33_P_2.wav,3,0,sticker_on
1_128_PK_1.wav,3,1,sticker_on_compressor
1_236_AK_2.wav,3,3,sticker_off_compressor
0_53_B_2.wav,3,4,background
1_20_PK_1.wav,3,1,sticker_on_compressor
1_100_P_1.wav,3,0,sticker_on
1_354_B_1.wav,3,4,background
0_22_B_2.wav,3,4,background
1_343_B_2.wav,3,4,background
0_108_A_1.wav,3,2,sticker_off
1_227_A_2.wav,3,2,sticker_off
1_253_A_2.wav,3,2,sticker_off
0_66_B_1.wav,3,4,background
1_162_A_2.wav,3,2,sticker_off
1_172_AK_2.wav,3,3,sticker_off_compressor
1_262_A_2.wav,3,2,sticker_off
0_65_B_1.wav,3,4,background
0_92_R_2.wav,3,4,background
1_368_B_2.wav,3,4,background
0_14_AK_2.wav,3,3,sticker_off_compressor
1_209_A_2.wav,3,2,sticker_off
1_499_PK_2.wav,3,1,sticker_on_compressor
1_99_P_1.wav,3,0,sticker_on
1_469_B_1.wav,3,4,background
1_360_B_1.wav,3,4,background
1_190_AK_1.wav,3,3,sticker_off_compressor
1_260_AK_2.wav,3,3,sticker_off_compressor
1_348_B_1.wav,3,4,background
1_432_A_1.wav,3,2,sticker_off
1_439_A_2.wav,3,2,sticker_off
1_511_AK_1.wav,3,3,sticker_off_compressor
1_199_A_2.wav,3,2,sticker_off
1_103_PK_2.wav,3,1,sticker_on_compressor
1_131_A_2.wav,3,2,sticker_off
1_452_AK_2.wav,3,3,sticker_off_compressor
1_30_P_1.wav,3,0,sticker_on
1_216_A_2.wav,3,2,sticker_off
1_456_A_1.wav,3,2,sticker_off
1_522_AK_2.wav,3,3,sticker_off_compressor
1_362_B_1.wav,3,4,background
1_412_PK_1.wav,3,1,sticker_on_compressor
1_154_A_1.wav,3,2,sticker_off
1_08_P_2.wav,3,0,sticker_on
1_150_A_2.wav,3,2,sticker_off
1_104_P_1.wav,3,0,sticker_on
1_125_P_1.wav,3,0,sticker_on
1_486_PK_2.wav,3,1,sticker_on_compressor
1_365_B_1.wav,3,4,background
1_365_B_2.wav,3,4,background
1_430_PK_1.wav,3,1,sticker_on_compressor
1_516_AK_1.wav,3,3,sticker_off_compressor
1_404_PK_2.wav,3,1,sticker_on_compressor
1_503_A_2.wav,3,2,sticker_off
0_10_P_1.wav,3,0,sticker_on
1_405_PK_1.wav,3,1,sticker_on_compressor
1_176_AK_1.wav,3,3,sticker_off_compressor
0_55_B_2.wav,3,4,background
0_19_B_1.wav,3,4,background
1_526_A_1.wav,3,2,sticker_off
1_39_P_1.wav,3,0,sticker_on
1_512_AK_1.wav,3,3,sticker_off_compressor
1_251_A_1.wav,3,2,sticker_off
0_80_RK_1.wav,3,4,background
1_546_B_2.wav,3,4,background
1_42_PK_2.wav,3,1,sticker_on_compressor
0_15_AK_2.wav,3,3,sticker_off_compressor
0_47_R_1.wav,3,4,background
1_138_A_1.wav,3,2,sticker_off
1_444_A_1.wav,3,2,sticker_off
1_255_AK_1.wav,3,3,sticker_off_compressor
1_277_AK_2.wav,3,3,sticker_off_compressor
1_399_B_1.wav,3,4,background
1_329_B_2.wav,3,4,background
1_147_AK_1.wav,3,3,sticker_off_compressor
1_333_B_1.wav,3,4,background
0_73_B_1.wav,3,4,background
0_78_R_1.wav,3,4,background
1_475_PK_1.wav,3,1,sticker_on_compressor
1_13_PK_1.wav,3,1,sticker_on_compressor
1_477_P_2.wav,3,0,sticker_on
1_377_B_2.wav,3,4,background
0_101_R_1.wav,3,4,background
1_362_B_2.wav,3,4,background
1_523_AK_2.wav,3,3,sticker_off_compressor
1_448_AK_1.wav,3,3,sticker_off_compressor
1_516_AK_2.wav,3,3,sticker_off_compressor
1_385_B_1.wav,3,4,background
1_76_PK_2.wav,3,1,sticker_on_compressor
1_247_A_1.wav,3,2,sticker_off
1_108_PK_2.wav,3,1,sticker_on_compressor
1_247_A_2.wav,3,2,sticker_off
1_311_PK_1.wav,3,1,sticker_on_compressor
0_107_A_1.wav,3,2,sticker_off
1_153_AK_2.wav,3,3,sticker_off_compressor
1_335_B_1.wav,3,4,background
1_279_A_1.wav,3,2,sticker_off
1_129_PK_1.wav,3,1,sticker_on_compressor
1_321_B_2.wav,3,4,background
1_383_B_2.wav,3,4,background
1_434_AK_2.wav,3,3,sticker_off_compressor
1_84_PK_1.wav,3,1,sticker_on_compressor
1_256_AK_2.wav,3,3,sticker_off_compressor
1_451_A_1.wav,3,2,sticker_off
0_62_B_2.wav,3,4,background
1_461_B_2.wav,3,4,background
1_471_P_1.wav,3,0,sticker_on
1_302_PK_1.wav,3,1,sticker_on_compressor
1_352_B_1.wav,3,4,background
1_447_AK_1.wav,3,3,sticker_off_compressor
1_391_B_1.wav,3,4,background
1_344_B_2.wav,3,4,background
1_153_AK_1.wav,3,3,sticker_off_compressor
1_350_B_1.wav,3,4,background
1_99_P_2.wav,3,0,sticker_on
0_24_B_2.wav,3,4,background
1_329_B_1.wav,3,4,background
1_370_B_2.wav,3,4,background
1_197_A_1.wav,3,2,sticker_off
0_18_A_2.wav,3,2,sticker_off
1_314_PK_1.wav,3,1,sticker_on_compressor
1_468_B_2.wav,3,4,background
1_172_AK_1.wav,3,3,sticker_off_compressor
1_73_P_2.wav,3,0,sticker_on
1_234_A_1.wav,3,2,sticker_off
1_81_P_1.wav,3,0,sticker_on
1_80_P_1.wav,3,0,sticker_on
1_127_PK_1.wav,3,1,sticker_on_compressor
1_141_AK_2.wav,3,3,sticker_off_compressor
1_249_AK_1.wav,3,3,sticker_off_compressor
1_47_PK_1.wav,3,1,sticker_on_compressor
0_57_B_1.wav,3,4,background
1_102_PK_2.wav,3,1,sticker_on_compressor
1_379_B_2.wav,3,4,background
1_268_A_1.wav,3,2,sticker_off
1_77_PK_1.wav,3,1,sticker_on_compressor
1_497_P_2.wav,3,0,sticker_on
1_238_AK_1.wav,3,3,sticker_off_compressor
1_30_P_2.wav,3,0,sticker_on
1_239_A_1.wav,3,2,sticker_off
1_525_A_2.wav,3,2,sticker_off
1_216_A_1.wav,3,2,sticker_off
1_103_PK_1.wav,3,1,sticker_on_compressor
1_384_B_2.wav,3,4,background
1_373_B_1.wav,4,4,background
1_133_A_1.wav,4,2,sticker_off
1_71_PK_2.wav,4,1,sticker_on_compressor
1_419_P_1.wav,4,0,sticker_on
1_122_PK_1.wav,4,1,sticker_on_compressor
1_342_B_2.wav,4,4,background
1_529_AK_1.wav,4,3,sticker_off_compressor
1_217_A_2.wav,4,2,sticker_off
1_381_B_1.wav,4,4,background
1_19_PK_1.wav,4,1,sticker_on_compressor
1_03_PK_2.wav,4,1,sticker_on_compressor
1_104_P_2.wav,4,0,sticker_on
1_550_B_2.wav,4,4,background
1_313_PK_2.wav,4,1,sticker_on_compressor
1_194_AK_1.wav,4,3,sticker_off_compressor
0_02_AK_2.wav,4,3,sticker_off_compressor
1_330_B_1.wav,4,4,background
1_109_PK_2.wav,4,1,sticker_on_compressor
1_483_P_2.wav,4,0,sticker_on
1_111_P_1.wav,4,0,sticker_on
1_458_AK_2.wav,4,3,sticker_off_compressor
1_495_P_2.wav,4,0,sticker_on
1_363_B_2.wav,4,4,background
1_465_B_2.wav,4,4,background
1_442_AK_2.wav,4,3,sticker_off_compressor
1_346_B_1.wav,4,4,background
0_11_P_2.wav,4,0,sticker_on
1_189_AK_1.wav,4,3,sticker_off_compressor
1_518_AK_2.wav,4,3,sticker_off_compressor
0_04_A_2.wav,4,2,sticker_off
1_386_B_1.wav,4,4,background
1_366_B_1.wav,4,4,background
1_156_A_2.wav,4,2,sticker_off
1_223_A_2.wav,4,2,sticker_off
1_90_PK_1.wav,4,1,sticker_on_compressor
1_322_B_2.wav,4,4,background
1_441_AK_1.wav,4,3,sticker_off_compressor
1_355_B_2.wav,4,4,background
0_36_R_2.wav,4,4,background
1_249_AK_2.wav,4,3,sticker_off_compressor
1_464_B_2.wav,4,4,background
1_175_A_1.wav,4,2,sticker_off
0_01_A_2.wav,4,2,sticker_off
1_521_A_2.wav,4,2,sticker_off
1_531_B_2.wav,4,4,background
1_440_AK_2.wav,4,3,sticker_off_compressor
1_366_B_2.wav,4,4,background
1_452_AK_1.wav,4,3,sticker_off_compressor
1_95_PK_1.wav,4,1,sticker_on_compressor
1_87_P_1.wav,4,0,sticker_on
1_283_AK_2.wav,4,3,sticker_off_compressor
1_243_AK_2.wav,4,3,sticker_off_compressor
1_113_P_2.wav,4,0,sticker_on
1_517_AK_2.wav,4,3,sticker_off_compressor
1_323_B_2.wav,4,4,background
1_252_A_2.wav,4,2,sticker_off
1_129_PK_2.wav,4,1,sticker_on_compressor
1_424_PK_2.wav,4,1,sticker_on_compressor
1_42_PK_1.wav,4,1,sticker_on_compressor
0_89_R_2.wav,4,4,background
1_414_P_1.wav,4,0,sticker_on
1_289_AK_1.wav,4,3,sticker_off_compressor
1_392_B_2.wav,4,4,background
0_100_R_2.wav,4,4,background
1_326_B_2.wav,4,4,background
1_453_AK_2.wav,4,3,sticker_off_compressor
1_06_P_1.wav,4,0,sticker_on
1_21_PK_2.wav,4,1,sticker_on_compressor
0_58_B_2.wav,4,4,background
1_109_PK_1.wav,4,1,sticker_on_compressor
1_390_B_2.wav,4,4,background
0_85_AR_2.wav,4,4,background
1_364_B_1.wav,4,4,background
1_225_AK_1.wav,4,3,sticker_off_compressor
1_294_PK_2.wav,4,1,sticker_on_compressor
1_488_PK_2.wav,4,1,sticker_on_compressor
1_340_B_1.wav,4,4,background
1_322_B_1.wav,4,4,background
1_12_P_1.wav,4,0,sticker_on
1_58_PK_2.wav,4,1,sticker_on_compressor
1_213_AK_2.wav,4,3,sticker_off_compressor
1_280_A_1.wav,4,2,sticker_off
1_449_A_1.wav,4,2,sticker_off
1_259_AK_2.wav,4,3,sticker_off_compressor
0_16_AK_2.wav,4,3,sticker_off_compressor
1_318_PK_1.wav,4,1,sticker_on_compressor
1_62_P_2.wav,4,0,sticker_on
1_281_A_1.wav,4,2,sticker_off
1_255_AK_2.wav,4,3,sticker_off_compressor
0_103_R_2.wav,4,4,background
1_36_PK_1.wav,4,1,sticker_on_compressor
1_60_PK_2.wav,4,1,sticker_on_compressor
1_369_B_2.wav,4,4,background
1_195_AK_1.wav,4,3,sticker_off_compressor
0_82_R_2.wav,4,4,background
1_54_PK_1.wav,4,1,sticker_on_compressor
0_63_B_1.wav,4,4,background
1_455_A_2.wav,4,2,sticker_off
1_97_PK_2.wav,4,1,sticker_on_compressor
1_258_A_1.wav,4,2,sticker_off
1_403_P_2.wav,4,0,sticker_on
1_480_PK_1.wav,4,1,sticker_on_compressor
1_98_P_1.wav,4,0,sticker_on
1_278_AK_2.wav,4,3,sticker_off_compressor
1_64_PK_1.wav,4,1,sticker_on_compressor
1_349_B_2.wav,4,4,background
1_390_B_1.wav,4,4,background
1_06_P_2.wav,4,0,sticker_on
1_232_AK_1.wav,4,3,sticker_off_compressor
1_90_PK_2.wav,4,1,sticker_on_compressor
1_86_P_1.wav,4,0,sticker_on
1_416_PK_1.wav,4,1,sticker_on_compressor
1_431_A_1.wav,4,2,sticker_off
1_130_PK_2.wav,4,1,sticker_on_compressor
1_376_B_1.wav,4,4,background
0_10_P_2.wav,4,0,sticker_on
1_149_A_1.wav,4,2,sticker_off
1_529_AK_2.wav,4,3,sticker_off_compressor
1_05_PK_2.wav,4,1,sticker_on_compressor
1_79_P_2.wav,4,0,sticker_on
1_545_B_1.wav,4,4,background
0_37_R_1.wav,4,4,background
0_03_AK_1.wav,4,3,sticker_off_compressor
1_473_P_2.wav,4,0,sticker_on
1_165_AK_2.wav,4,3,sticker_off_compressor
1_332_B_2.wav,4,4,background
1_93_P_1.wav,4,0,sticker_on
1_53_PK_1.wav,4,1,sticker_on_compressor
1_328_B_2.wav,4,4,background
1_326_B_1.wav,4,4,background
0_108_A_2.wav,4,2,sticker_off
1_250_AK_2.wav,4,3,sticker_off_compressor
1_524_AK_1.wav,4,3,sticker_off_compressor
1_404_PK_1.wav,4,1,sticker_on_compressor
1_293_P_1.wav,4,0,sticker_on
0_118_AK_1.wav,4,3,sticker_off_compressor
1_295_PK_2.wav,4,1,sticker_on_compressor
1_46_PK_1.wav,4,1,sticker_on_compressor
1_121_PK_2.wav,4,1,sticker_on_compressor
1_244_AK_2.wav,4,3,sticker_off_compressor
1_66_PK_2.wav,4,1,sticker_on_compressor
1_215_A_2.wav,4,2,sticker_off
1_332_B_1.wav,4,4,background
1_164_AK_1.wav,4,3,sticker_off_compressor
1_177_AK_2.wav,4,3,sticker_off_compressor
1_309_P_1.wav,4,0,sticker_on
1_286_A_2.wav,4,2,sticker_off
1_214_AK_2.wav,4,3,sticker_off_compressor
1_325_B_1.wav,4,4,background
1_54_PK_2.wav,4,1,sticker_on_compressor
0_83_R_2.wav,4,4,background
0_56_B_1.wav,4,4,background
1_505_AK_2.wav,4,3,sticker_off_compressor
1_328_B_1.wav,4,4,background
1_311_PK_2.wav,4,1,sticker_on_compressor
1_353_B_2.wav,4,4,background
1_101_PK_2.wav,4,1,sticker_on_compressor
1_282_AK_1.wav,4,3,sticker_off_compressor
0_99_R_1.wav,4,4,background
1_145_A_1.wav,4,2,sticker_off
1_39_P_2.wav,4,0,sticker_on
1_110_PK_1.wav,4,1,sticker_on_compressor
1_338_B_1.wav,4,4,background
0_11_P_1.wav,4,0,sticker_on
0_109_AK_2.wav,4,3,sticker_off_compressor
1_155_A_2.wav,4,2,sticker_off
1_417_PK_1.wav,4,1,sticker_on_compressor
1_40_PK_2.wav,4,1,sticker_on_compressor
1_532_B_1.wav,4,4,background
1_59_PK_2.wav,4,1,sticker_on_compressor
1_217_A_1.wav,4,2,sticker_off
1_421_P_1.wav,4,0,sticker_on
1_140_AK_2.wav,4,3,sticker_off_compressor
1_539_B_1.wav,4,4,background
1_127_PK_2.wav,4,1,sticker_on_compressor
1_02_P_1.wav,4,0,sticker_on
1_344_B_1.wav,4,4,background
1_15_PK_1.wav,4,1,sticker_on_compressor
1_487_PK_2.wav,4,1,sticker_on_compressor
1_500_PK_1.wav,4,1,sticker_on_compressor
1_372_B_1.wav,4,4,background
1_184_AK_2.wav,4,3,sticker_off_compressor
1_142_AK_2.wav,4,3,sticker_off_compressor
1_100_P_2.wav,4,0,sticker_on
0_110_AK_2.wav,4,3,sticker_off_compressor
0_27_AK_2.wav,4,3,sticker_off_compressor
1_540_B_1.wav,4,4,background
1_121_PK_1.wav,4,1,sticker_on_compressor
1_179_AK_2.wav,4,3,sticker_off_compressor
1_300_PK_2.wav,4,1,sticker_on_compressor
0_73_B_2.wav,4,4,background
1_171_AK_2.wav,4,3,sticker_off_compressor
0_12_P_1.wav,4,0,sticker_on
0_58_B_1.wav,4,4,background
1_38_P_1.wav,4,0,sticker_on
1_226_AK_1.wav,4,3,sticker_off_compressor
0_106_AK_2.wav,4,3,sticker_off_compressor
0_94_R_1.wav,4,4,background
1_190_AK_2.wav,4,3,sticker_off_compressor
1_410_PK_2.wav,4,1,sticker_on_compressor
0_16_AK_1.wav,4,3,sticker_off_compressor
1_157_AK_2.wav,4,3,sticker_off_compressor
0_96_R_1.wav,4,4,background
0_63_B_2.wav,4,4,background
1_439_A_1.wav,4,2,sticker_off
1_347_B_1.wav,4,4,background
1_382_B_2.wav,4,4,background
1_34_PK_1.wav,4,1,sticker_on_compressor
1_412_PK_2.wav,4,1,sticker_on_compressor
1_267_A_1.wav,4,2,sticker_off
1_200_AK_1.wav,4,3,sticker_off_compressor
1_283_AK_1.wav,4,3,sticker_off_compressor
1_75_P_2.wav,4,0,sticker_on
1_414_P_2.wav,4,0,sticker_on
1_549_B_2.wav,4,4,background
1_224_AK_1.wav,4,3,sticker_off_compressor
1_276_AK_1.wav,4,3,sticker_off_compressor
1_70_PK_2.wav,4,1,sticker_on_compressor
1_206_AK_1.wav,4,3,sticker_off_compressor
1_78_PK_1.wav,4,1,sticker_on_compressor
1_267_A_2.wav,4,2,sticker_off
1_232_AK_2.wav,4,3,sticker_off_compressor
1_464_B_1.wav,4,4,background
0_43_R_2.wav,4,4,background
1_248_AK_2.wav,4,3,sticker_off_compressor
1_482_PK_2.wav,5,1,sticker_on_compressor
1_220_AK_1.wav,5,3,sticker_off_compressor
1_507_A_1.wav,5,2,sticker_off
1_143_A_2.wav,5,2,sticker_off
1_506_AK_2.wav,5,3,sticker_off_compressor
1_415_P_1.wav,5,0,sticker_on
0_39_R_1.wav,5,4,background
1_211_A_1.wav,5,2,sticker_off
1_83_PK_1.wav,5,1,sticker_on_compressor
1_261_A_1.wav,5,2,sticker_off
1_132_A_1.wav,5,2,sticker_off
0_99_R_2.wav,5,4,background
1_440_AK_1.wav,5,3,sticker_off_compressor
0_05_A_2.wav,5,2,sticker_off
1_215_A_1.wav,5,2,sticker_off
1_418_PK_2.wav,5,1,sticker_on_compressor
1_241_A_1.wav,5,2,sticker_off
1_507_A_2.wav,5,2,sticker_off
1_174_A_2.wav,5,2,sticker_off
1_503_A_1.wav,5,2,sticker_off
1_459_AK_2.wav,5,3,sticker_off_compressor
1_399_B_2.wav,5,4,background
1_149_A_2.wav,5,2,sticker_off
1_57_P_2.wav,5,0,sticker_on
1_226_AK_2.wav,5,3,sticker_off_compressor
1_313_PK_1.wav,5,1,sticker_on_compressor
1_446_AK_2.wav,5,3,sticker_off_compressor
1_174_A_1.wav,5,2,sticker_off
1_531_B_1.wav,5,4,background
0_87_R_2.wav,5,4,background
1_138_A_2.wav,5,2,sticker_off
1_274_A_1.wav,5,2,sticker_off
1_125_P_2.wav,5,0,sticker_on
1_137_A_2.wav,5,2,sticker_off
1_482_PK_1.wav,5,1,sticker_on_compressor
1_409_P_2.wav,5,0,sticker_on
1_96_PK_1.wav,5,1,sticker_on_compressor
1_450_A_1.wav,5,2,sticker_off
1_367_B_2.wav,5,4,background
0_04_A_1.wav,5,2,sticker_off
1_63_P_1.wav,5,0,sticker_on
1_40_PK_1.wav,5,1,sticker_on_compressor
1_220_AK_2.wav,5,3,sticker_off_compressor
1_495_P_1.wav,5,0,sticker_on
1_436_AK_2.wav,5,3,sticker_off_compressor
1_505_AK_1.wav,5,3,sticker_off_compressor
0_95_R_1.wav,5,4,background
1_422_PK_1.wav,5,1,sticker_on_compressor
1_259_AK_1.wav,5,3,sticker_off_compressor
0_95_R_2.wav,5,4,background
0_83_R_1.wav,5,4,background
1_385_B_2.wav,5,4,background
1_417_PK_2.wav,5,1,sticker_on_compressor
0_113_AK_1.wav,5,3,sticker_off_compressor
1_119_P_2.wav,5,0,sticker_on
1_373_B_2.wav,5,4,background
0_101_R_2.wav,5,4,background
0_54_B_1.wav,5,4,background
1_97_PK_1.wav,5,1,sticker_on_compressor
1_530_AK_1.wav,5,3,sticker_off_compressor
0_65_B_2.wav,5,4,background
1_318_PK_2.wav,5,1,sticker_on_compressor
1_107_P_1.wav,5,0,sticker_on
1_386_B_2.wav,5,4,background
1_429_PK_2.wav,5,1,sticker_on_compressor
0_89_R_1.wav,5,4,background
1_261_A_2.wav,5,2,sticker_off
1_115_PK_2.wav,5,1,sticker_on_compressor
1_258_A_2.wav,5,2,sticker_off
1_444_A_2.wav,5,2,sticker_off
1_159_AK_1.wav,5,3,sticker_off_compressor
1_488_PK_1.wav,5,1,sticker_on_compressor
1_265_AK_1.wav,5,3,sticker_off_compressor
0_21_B_2.wav,5,4,background
1_89_PK_1.wav,5,1,sticker_on_compressor
1_14_PK_1.wav,5,1,sticker_on_compressor
0_60_B_1.wav,5,4,background
1_377_B_1.wav,5,4,background
1_37_PK_1.wav,5,1,sticker_on_compressor
1_470_B_1.wav,5,4,background
1_317_P_1.wav,5,0,sticker_on
1_260_AK_1.wav,5,3,sticker_off_compressor
1_425_P_1.wav,5,0,sticker_on
1_147_AK_2.wav,5,3,sticker_off_compressor
1_462_B_2.wav,5,4,background
1_05_PK_1.wav,5,1,sticker_on_compressor
1_107_P_2.wav,5,0,sticker_on
0_33_R_1.wav,5,4,background
0_76_R_1.wav,5,4,background
1_391_B_2.wav,5,4,background
1_427_P_2.wav,5,0,sticker_on
1_83_PK_2.wav,5,1,sticker_on_compressor
1_114_PK_2.wav,5,1,sticker_on_compressor
1_158_AK_1.wav,5,3,sticker_off_compressor
1_443_A_2.wav,5,2,sticker_off
0_68_B_2.wav,5,4,background
0_90_R_2.wav,5,4,background
1_470_B_2.wav,5,4,background
1_237_AK_2.wav,5,3,sticker_off_compressor
1_272_AK_1.wav,5,3,sticker_off_compressor
1_422_PK_2.wav,5,1,sticker_on_compressor
1_445_A_1.wav,5,2,sticker_off
0_97_R_1.wav,5,4,background
1_371_B_1.wav,5,4,background
0_17_A_2.wav,5,2,sticker_off
1_156_A_1.wav,5,2,sticker_off
1_535_B_2.wav,5,4,background
1_211_A_2.wav,5,2,sticker_off
1_265_AK_2.wav,5,3,sticker_off_compressor
1_139_A_2.wav,5,2,sticker_off
1_487_PK_1.wav,5,1,sticker_on_compressor
1_316_P_1.wav,5,0,sticker_on
1_250_AK_1.wav,5,3,sticker_off_compressor
1_484_P_1.wav,5,0,sticker_on
1_350_B_2.wav,5,4,background
1_545_B_2.wav,5,4,background
0_08_PK_2.wav,5,1,sticker_on_compressor
1_210_A_1.wav,5,2,sticker_off
1_301_PK_1.wav,5,1,sticker_on_compressor
1_463_B_1.wav,5,4,background
1_188_AK_2.wav,5,3,sticker_off_compressor
1_416_PK_2.wav,5,1,sticker_on_compressor
0_51_B_1.wav,5,4,background
1_229_A_2.wav,5,2,sticker_off
1_201_AK_1.wav,5,3,sticker_off_compressor
0_77_R_1.wav,5,4,background
0_71_B_2.wav,5,4,background
1_474_PK_1.wav,5,1,sticker_on_compressor
0_19_B_2.wav,5,4,background
1_152_AK_1.wav,5,3,sticker_off_compressor
1_499_PK_1.wav,5,1,sticker_on_compressor
1_35_PK_1.wav,5,1,sticker_on_compressor
1_02_P_2.wav,5,0,sticker_on
0_46_R_2.wav,5,4,background
1_273_A_2.wav,5,2,sticker_off
1_348_B_2.wav,5,4,background
1_113_P_1.wav,5,0,sticker_on
0_61_B_1.wav,5,4,background
1_44_P_2.wav,5,0,sticker_on
1_274_A_2.wav,5,2,sticker_off
1_354_B_2.wav,5,4,background
1_372_B_2.wav,5,4,background
1_223_A_1.wav,5,2,sticker_off
1_358_B_1.wav,5,4,background
1_397_B_2.wav,5,4,background
1_102_PK_1.wav,5,1,sticker_on_compressor
0_23_B_1.wav,5,4,background
1_447_AK_2.wav,5,3,sticker_off_compressor
1_135_AK_2.wav,5,3,sticker_off_compressor
1_159_AK_2.wav,5,3,sticker_off_compressor
1_41_PK_2.wav,5,1,sticker_on_compressor
1_32_P_1.wav,5,0,sticker_on
1_134_AK_2.wav,5,3,sticker_off_compressor
0_43_R_1.wav,5,4,background
1_477_P_1.wav,5,0,sticker_on
1_150_A_1.wav,5,2,sticker_off
1_296_PK_2.wav,5,1,sticker_on_compressor
1_04_PK_1.wav,5,1,sticker_on_compressor
1_105_P_2.wav,5,0,sticker_on
1_221_A_1.wav,5,2,sticker_off
1_263_A_1.wav,5,2,sticker_off
1_77_PK_2.wav,5,1,sticker_on_compressor
1_01_PK_2.wav,5,1,sticker_on_compressor
0_74_B_2.wav,5,4,background
0_53_B_1.wav,5,4,background
1_14_PK_2.wav,5,1,sticker_on_compressor
1_438_A_1.wav,5,2,sticker_off
1_214_AK_1.wav,5,3,sticker_off_compressor
1_368_B_1.wav,5,4,background
1_491_P_2.wav,5,0,sticker_on
1_336_B_1.wav,5,4,background
1_52_PK_2.wav,5,1,sticker_on_compressor
0_13_P_2.wav,5,0,sticker_on
1_398_B_2.wav,5,4,background
1_511_AK_2.wav,5,3,sticker_off_compressor
0_81_R_1.wav,5,4,background
1_481_PK_1.wav,5,1,sticker_on_compressor
1_436_AK_1.wav,5,3,sticker_off_compressor
1_521_A_1.wav,5,2,sticker_off
1_279_A_2.wav,5,2,sticker_off
0_37_R_2.wav,5,4,background
1_534_B_1.wav,5,4,background
1_320_PK_2.wav,5,1,sticker_on_compressor
0_41_R_2.wav,5,4,background
1_72_PK_1.wav,5,1,sticker_on_compressor
1_144_A_1.wav,5,2,sticker_off
1_455_A_1.wav,5,2,sticker_off
1_295_PK_1.wav,5,1,sticker_on_compressor
1_522_AK_1.wav,5,3,sticker_off_compressor
1_458_AK_1.wav,5,3,sticker_off_compressor
0_75_B_1.wav,5,4,background
1_530_AK_2.wav,5,3,sticker_off_compressor
1_146_AK_1.wav,5,3,sticker_off_compressor
1_271_AK_2.wav,5,3,sticker_off_compressor
1_141_AK_1.wav,5,3,sticker_off_compressor
1_297_P_2.wav,5,0,sticker_on
1_308_P_2.wav,5,0,sticker_on
1_169_AK_1.wav,5,3,sticker_off_compressor
1_165_AK_1.wav,5,3,sticker_off_compressor
1_164_AK_2.wav,5,3,sticker_off_compressor
1_411_PK_2.wav,5,1,sticker_on_compressor
1_358_B_2.wav,5,4,background
0_12_P_2.wav,5,0,sticker_on
0_86_R_1.wav,5,4,background
1_206_AK_2.wav,5,3,sticker_off_compressor
1_11_P_2.wav,5,0,sticker_on
1_397_B_1.wav,5,4,background
1_04_PK_2.wav,5,1,sticker_on_compressor
1_91_PK_1.wav,5,1,sticker_on_compressor
1_91_PK_2.wav,5,1,sticker_on_compressor
1_120_PK_1.wav,5,1,sticker_on_compressor
1_224_AK_2.wav,5,3,sticker_off_compressor
1_430_PK_2.wav,5,1,sticker_on_compressor
1_123_P_1.wav,5,0,sticker_on
1_245_A_2.wav,5,2,sticker_off
1_353_B_1.wav,5,4,background
1_284_AK_1.wav,5,3,sticker_off_compressor
1_506_AK_1.wav,5,3,sticker_off_compressor
0_47_R_2.wav,5,4,background
1_173_A_2.wav,5,2,sticker_off
1_92_P_2.wav,5,0,sticker_on
1_356_B_2.wav,5,4,background
1_27_PK_1.wav,5,1,sticker_on_compressor
1_126_P_1.wav,5,0,sticker_on
1_28_PK_2.wav,5,1,sticker_on_compressor
